--------------------------------------------------------
--  File created - Saturday-April-09-2022   
--------------------------------------------------------
--------------------------------------------------------
--  DDL for Table CUSTOMER
--------------------------------------------------------

  CREATE TABLE "PROJECT_USER"."CUSTOMER" ("CUSTOMERID" NUMBER GENERATED ALWAYS AS IDENTITY MINVALUE 1 MAXVALUE 9999999999999999999999999999 INCREMENT BY 1 START WITH 1 CACHE 20 NOORDER  NOCYCLE  NOKEEP  NOSCALE , "NAME" VARCHAR2(128 BYTE), "EMAIL" VARCHAR2(128 BYTE), "TELEPHONE" VARCHAR2(32 BYTE), "PERSON_OR_COMPANY" NUMBER DEFAULT 0, "LOCATIONID" NUMBER, "CNP_OR_CF" VARCHAR2(13 BYTE), "EFFECTIVE_DATE" DATE) 

   COMMENT ON COLUMN "PROJECT_USER"."CUSTOMER"."PERSON_OR_COMPANY" IS '0 - person, 1 -company'
--------------------------------------------------------
--  DDL for Table CATEGORY
--------------------------------------------------------

  CREATE TABLE "PROJECT_USER"."CATEGORY" ("CATEGORYID" NUMBER GENERATED ALWAYS AS IDENTITY MINVALUE 1 MAXVALUE 9999999999999999999999999999 INCREMENT BY 1 START WITH 1 CACHE 20 NOORDER  NOCYCLE  NOKEEP  NOSCALE , "NAME" VARCHAR2(20 BYTE))
--------------------------------------------------------
--  DDL for Table COMPONENT
--------------------------------------------------------

  CREATE TABLE "PROJECT_USER"."COMPONENT" ("COMPONENTID" NUMBER GENERATED ALWAYS AS IDENTITY MINVALUE 1 MAXVALUE 9999999999999999999999999999 INCREMENT BY 1 START WITH 1 CACHE 20 NOORDER  NOCYCLE  NOKEEP  NOSCALE , "LAUNCH_YEAR" NUMBER, "SERIAL_NUMBER" VARCHAR2(20 BYTE), "CATEGORYID" NUMBER)
--------------------------------------------------------
--  DDL for Table FACTORY
--------------------------------------------------------

  CREATE TABLE "PROJECT_USER"."FACTORY" ("FACTORYID" NUMBER GENERATED ALWAYS AS IDENTITY MINVALUE 1 MAXVALUE 9999999999999999999999999999 INCREMENT BY 1 START WITH 1 CACHE 20 NOORDER  NOCYCLE  NOKEEP  NOSCALE , "NAME" VARCHAR2(50 BYTE))
--------------------------------------------------------
--  DDL for Table LOCATION
--------------------------------------------------------

  CREATE TABLE "PROJECT_USER"."LOCATION" ("LOCATIONID" NUMBER GENERATED ALWAYS AS IDENTITY MINVALUE 1 MAXVALUE 9999999999999999999999999999 INCREMENT BY 1 START WITH 1 CACHE 20 NOORDER  NOCYCLE  NOKEEP  NOSCALE , "COUNTRY" VARCHAR2(20 BYTE), "CITY" VARCHAR2(20 BYTE), "STREET_ADDRESS" VARCHAR2(64 BYTE))
--------------------------------------------------------
--  DDL for Table PC
--------------------------------------------------------

  CREATE TABLE "PROJECT_USER"."PC" ("PCID" NUMBER GENERATED ALWAYS AS IDENTITY MINVALUE 1 MAXVALUE 9999999999999999999999999999 INCREMENT BY 1 START WITH 1 CACHE 20 NOORDER  NOCYCLE  NOKEEP  NOSCALE , "NAME" VARCHAR2(128 BYTE), "DESCRIPTION" VARCHAR2(518 BYTE), "CREATED" DATE, "WARRANTY" NUMBER DEFAULT 1) 

   COMMENT ON COLUMN "PROJECT_USER"."PC"."WARRANTY" IS 'year count'
--------------------------------------------------------
--  DDL for Table PC_AND_COMPONENTS
--------------------------------------------------------

  CREATE TABLE "PROJECT_USER"."PC_AND_COMPONENTS" ("PCID" NUMBER, "COMPONENTID" NUMBER)
--------------------------------------------------------
--  DDL for Table PURCHASE
--------------------------------------------------------

  CREATE TABLE "PROJECT_USER"."PURCHASE" ("PURCHASEID" NUMBER GENERATED ALWAYS AS IDENTITY MINVALUE 1 MAXVALUE 9999999999999999999999999999 INCREMENT BY 1 START WITH 1 CACHE 20 NOORDER  NOCYCLE  NOKEEP  NOSCALE , "FACTORYID" NUMBER, "PURCHASEDATE" DATE, "QUANTITY" NUMBER DEFAULT 1, "COMPONENTID" NUMBER, "PRICE" FLOAT(126) DEFAULT 0.00)
--------------------------------------------------------
--  DDL for Table PURPOSE_OF_SALE
--------------------------------------------------------

  CREATE TABLE "PROJECT_USER"."PURPOSE_OF_SALE" ("USAGEID" NUMBER GENERATED ALWAYS AS IDENTITY MINVALUE 1 MAXVALUE 9999999999999999999999999999 INCREMENT BY 1 START WITH 1 CACHE 20 NOORDER  NOCYCLE  NOKEEP  NOSCALE , "NAME" VARCHAR2(20 BYTE))
--------------------------------------------------------
--  DDL for Table SALES
--------------------------------------------------------

  CREATE TABLE "PROJECT_USER"."SALES" ("SALESID" NUMBER GENERATED ALWAYS AS IDENTITY MINVALUE 1 MAXVALUE 9999999999999999999999999999 INCREMENT BY 1 START WITH 1 CACHE 20 NOORDER  NOCYCLE  NOKEEP  NOSCALE , "PURPOSEID" NUMBER, "SALEDATE" DATE, "SALE_QUANTITY" NUMBER DEFAULT 1, "CUSTOMERID" NUMBER, "PCID" NUMBER, "PRICE_OF_PC" FLOAT(126) DEFAULT 0.00)
REM INSERTING into PROJECT_USER.CUSTOMER
SET DEFINE OFF;
Insert into PROJECT_USER.CUSTOMER (CUSTOMERID,NAME,EMAIL,TELEPHONE,PERSON_OR_COMPANY,LOCATIONID,CNP_OR_CF,EFFECTIVE_DATE) values (8,'MasterCard','jackeline.finley@mastercard.com','+1 313 123 4240',1,14,'38645357',to_date('19-JAN-20','DD-MON-RR'));
Insert into PROJECT_USER.CUSTOMER (CUSTOMERID,NAME,EMAIL,TELEPHONE,PERSON_OR_COMPANY,LOCATIONID,CNP_OR_CF,EFFECTIVE_DATE) values (9,'Oracle','yolando.wilkerson@oracle.com','+1 716 123 4485',1,15,'	27374988',to_date('20-JAN-20','DD-MON-RR'));
Insert into PROJECT_USER.CUSTOMER (CUSTOMERID,NAME,EMAIL,TELEPHONE,PERSON_OR_COMPANY,LOCATIONID,CNP_OR_CF,EFFECTIVE_DATE) values (10,'GameStop','yolanda.ball@gamestopcorp.com','+91 80 012 4809',1,16,'	15591983',to_date('17-MAY-20','DD-MON-RR'));
Insert into PROJECT_USER.CUSTOMER (CUSTOMERID,NAME,EMAIL,TELEPHONE,PERSON_OR_COMPANY,LOCATIONID,CNP_OR_CF,EFFECTIVE_DATE) values (11,'Emerson Electric','christian.cage@emerson.com','+1 219 123 4142',1,17,'	21571840',to_date('21-DEC-19','DD-MON-RR'));
Insert into PROJECT_USER.CUSTOMER (CUSTOMERID,NAME,EMAIL,TELEPHONE,PERSON_OR_COMPANY,LOCATIONID,CNP_OR_CF,EFFECTIVE_DATE) values (12,'Jaxon Ross','jaxon.ross@example.com','650 123 1234',0,18,'2246329173936',to_date('29-JUN-20','DD-MON-RR'));
Insert into PROJECT_USER.CUSTOMER (CUSTOMERID,NAME,EMAIL,TELEPHONE,PERSON_OR_COMPANY,LOCATIONID,CNP_OR_CF,EFFECTIVE_DATE) values (13,'Liam Henderson','liam.henderson@example.com','650 123 2234',0,19,'2641588347829',to_date('05-MAR-19','DD-MON-RR'));
Insert into PROJECT_USER.CUSTOMER (CUSTOMERID,NAME,EMAIL,TELEPHONE,PERSON_OR_COMPANY,LOCATIONID,CNP_OR_CF,EFFECTIVE_DATE) values (14,'Jackson Coleman','jackson.coleman@example.com','650 123 3234',0,20,'8466221837451',to_date('02-MAY-19','DD-MON-RR'));
Insert into PROJECT_USER.CUSTOMER (CUSTOMERID,NAME,EMAIL,TELEPHONE,PERSON_OR_COMPANY,LOCATIONID,CNP_OR_CF,EFFECTIVE_DATE) values (15,'Callum Jenkins','callum.jenkins@example.com','650 123 4234',0,21,'6105872132746',to_date('28-AUG-19','DD-MON-RR'));
Insert into PROJECT_USER.CUSTOMER (CUSTOMERID,NAME,EMAIL,TELEPHONE,PERSON_OR_COMPANY,LOCATIONID,CNP_OR_CF,EFFECTIVE_DATE) values (16,'Caleb Diaz','caleb.diaz@example.com','650 121 2019',0,22,'4384231882483',to_date('14-MAY-20','DD-MON-RR'));
Insert into PROJECT_USER.CUSTOMER (CUSTOMERID,NAME,EMAIL,TELEPHONE,PERSON_OR_COMPANY,LOCATIONID,CNP_OR_CF,EFFECTIVE_DATE) values (17,'Kian Griffin','kian.griffin@example.com','650 121 2034',0,23,'3216612547168',to_date('24-MAY-19','DD-MON-RR'));
Insert into PROJECT_USER.CUSTOMER (CUSTOMERID,NAME,EMAIL,TELEPHONE,PERSON_OR_COMPANY,LOCATIONID,CNP_OR_CF,EFFECTIVE_DATE) values (18,'Sonny Russell','sonny.russell@example.com','650 121 1234',0,24,'2473100163347',to_date('07-MAY-19','DD-MON-RR'));
Insert into PROJECT_USER.CUSTOMER (CUSTOMERID,NAME,EMAIL,TELEPHONE,PERSON_OR_COMPANY,LOCATIONID,CNP_OR_CF,EFFECTIVE_DATE) values (19,'Ibrahim Alexander','ibrahim.alexander@example.com','650 127 1634',0,25,'4745437048257',to_date('26-NOV-20','DD-MON-RR'));
Insert into PROJECT_USER.CUSTOMER (CUSTOMERID,NAME,EMAIL,TELEPHONE,PERSON_OR_COMPANY,LOCATIONID,CNP_OR_CF,EFFECTIVE_DATE) values (20,'Felix Bryant','felix.bryant@example.com','650 127 1734',0,26,'2260318062984',to_date('09-SEP-19','DD-MON-RR'));
REM INSERTING into PROJECT_USER.CATEGORY
SET DEFINE OFF;
Insert into PROJECT_USER.CATEGORY (CATEGORYID,NAME) values (1,'Processors');
Insert into PROJECT_USER.CATEGORY (CATEGORYID,NAME) values (2,'Graphics Cards');
Insert into PROJECT_USER.CATEGORY (CATEGORYID,NAME) values (3,'Motherboards');
Insert into PROJECT_USER.CATEGORY (CATEGORYID,NAME) values (4,'Memory');
Insert into PROJECT_USER.CATEGORY (CATEGORYID,NAME) values (5,'Hard Drives');
Insert into PROJECT_USER.CATEGORY (CATEGORYID,NAME) values (6,'Solid State Drives');
Insert into PROJECT_USER.CATEGORY (CATEGORYID,NAME) values (7,'Power Supplies');
Insert into PROJECT_USER.CATEGORY (CATEGORYID,NAME) values (8,'Cases');
Insert into PROJECT_USER.CATEGORY (CATEGORYID,NAME) values (9,'CPU Coolers');
REM INSERTING into PROJECT_USER.COMPONENT
SET DEFINE OFF;
Insert into PROJECT_USER.COMPONENT (COMPONENTID,LAUNCH_YEAR,SERIAL_NUMBER,CATEGORYID) values (1,2017,'i3-7320',1);
Insert into PROJECT_USER.COMPONENT (COMPONENTID,LAUNCH_YEAR,SERIAL_NUMBER,CATEGORYID) values (2,2017,'i3-8350K',1);
Insert into PROJECT_USER.COMPONENT (COMPONENTID,LAUNCH_YEAR,SERIAL_NUMBER,CATEGORYID) values (3,2012,'i5-3570K',1);
Insert into PROJECT_USER.COMPONENT (COMPONENTID,LAUNCH_YEAR,SERIAL_NUMBER,CATEGORYID) values (4,2015,'i5-6402P',1);
Insert into PROJECT_USER.COMPONENT (COMPONENTID,LAUNCH_YEAR,SERIAL_NUMBER,CATEGORYID) values (5,2014,'i5-4460',1);
Insert into PROJECT_USER.COMPONENT (COMPONENTID,LAUNCH_YEAR,SERIAL_NUMBER,CATEGORYID) values (6,2013,'FX-9590',1);
Insert into PROJECT_USER.COMPONENT (COMPONENTID,LAUNCH_YEAR,SERIAL_NUMBER,CATEGORYID) values (7,2014,'A4-4020',1);
Insert into PROJECT_USER.COMPONENT (COMPONENTID,LAUNCH_YEAR,SERIAL_NUMBER,CATEGORYID) values (8,2017,'Ryzen 3 1200',1);
Insert into PROJECT_USER.COMPONENT (COMPONENTID,LAUNCH_YEAR,SERIAL_NUMBER,CATEGORYID) values (9,2016,'Strix RX 470',2);
Insert into PROJECT_USER.COMPONENT (COMPONENTID,LAUNCH_YEAR,SERIAL_NUMBER,CATEGORYID) values (10,2016,'GeForce GTX 1050',2);
Insert into PROJECT_USER.COMPONENT (COMPONENTID,LAUNCH_YEAR,SERIAL_NUMBER,CATEGORYID) values (11,2013,'Z87 Extreme4',3);
Insert into PROJECT_USER.COMPONENT (COMPONENTID,LAUNCH_YEAR,SERIAL_NUMBER,CATEGORYID) values (12,2017,'ASRock Z370 Extreme4',3);
Insert into PROJECT_USER.COMPONENT (COMPONENTID,LAUNCH_YEAR,SERIAL_NUMBER,CATEGORYID) values (21,2017,'Corsair LPX 32GB',4);
Insert into PROJECT_USER.COMPONENT (COMPONENTID,LAUNCH_YEAR,SERIAL_NUMBER,CATEGORYID) values (22,2017,'Corsair LPX 16GB',4);
Insert into PROJECT_USER.COMPONENT (COMPONENTID,LAUNCH_YEAR,SERIAL_NUMBER,CATEGORYID) values (23,2015,'Corsair 8GB',4);
Insert into PROJECT_USER.COMPONENT (COMPONENTID,LAUNCH_YEAR,SERIAL_NUMBER,CATEGORYID) values (26,2015,'P300 1 TB',5);
Insert into PROJECT_USER.COMPONENT (COMPONENTID,LAUNCH_YEAR,SERIAL_NUMBER,CATEGORYID) values (27,2014,'SA400S37',6);
Insert into PROJECT_USER.COMPONENT (COMPONENTID,LAUNCH_YEAR,SERIAL_NUMBER,CATEGORYID) values (28,2017,'970 EVO',6);
Insert into PROJECT_USER.COMPONENT (COMPONENTID,LAUNCH_YEAR,SERIAL_NUMBER,CATEGORYID) values (29,2017,'CX450',7);
Insert into PROJECT_USER.COMPONENT (COMPONENTID,LAUNCH_YEAR,SERIAL_NUMBER,CATEGORYID) values (30,2015,'RM550x',7);
Insert into PROJECT_USER.COMPONENT (COMPONENTID,LAUNCH_YEAR,SERIAL_NUMBER,CATEGORYID) values (31,2015,'Aero-800',8);
Insert into PROJECT_USER.COMPONENT (COMPONENTID,LAUNCH_YEAR,SERIAL_NUMBER,CATEGORYID) values (32,2014,'Nero LX 2 120 mm',9);
Insert into PROJECT_USER.COMPONENT (COMPONENTID,LAUNCH_YEAR,SERIAL_NUMBER,CATEGORYID) values (33,2017,'AK-CC7108EP01 - 92mm',9);
REM INSERTING into PROJECT_USER.FACTORY
SET DEFINE OFF;
Insert into PROJECT_USER.FACTORY (FACTORYID,NAME) values (1,'Intel');
Insert into PROJECT_USER.FACTORY (FACTORYID,NAME) values (2,'AMD');
Insert into PROJECT_USER.FACTORY (FACTORYID,NAME) values (3,'ASUS');
Insert into PROJECT_USER.FACTORY (FACTORYID,NAME) values (4,'GigaByte');
Insert into PROJECT_USER.FACTORY (FACTORYID,NAME) values (5,'ASRock');
Insert into PROJECT_USER.FACTORY (FACTORYID,NAME) values (6,'Corsair');
Insert into PROJECT_USER.FACTORY (FACTORYID,NAME) values (7,'Toshiba');
Insert into PROJECT_USER.FACTORY (FACTORYID,NAME) values (8,'Kingston');
Insert into PROJECT_USER.FACTORY (FACTORYID,NAME) values (9,'Samsung');
Insert into PROJECT_USER.FACTORY (FACTORYID,NAME) values (10,'Akasa');
Insert into PROJECT_USER.FACTORY (FACTORYID,NAME) values (11,'Aerocool');
REM INSERTING into PROJECT_USER.LOCATION
SET DEFINE OFF;
Insert into PROJECT_USER.LOCATION (LOCATIONID,COUNTRY,CITY,STREET_ADDRESS) values (14,'Italy','Roma','1297 Via Cola di Rie');
Insert into PROJECT_USER.LOCATION (LOCATIONID,COUNTRY,CITY,STREET_ADDRESS) values (15,'Italy','Venice','93091 Calle della Testa');
Insert into PROJECT_USER.LOCATION (LOCATIONID,COUNTRY,CITY,STREET_ADDRESS) values (16,'Australia','Sydney','12-98 Victoria Street');
Insert into PROJECT_USER.LOCATION (LOCATIONID,COUNTRY,CITY,STREET_ADDRESS) values (17,'Singapore','Singapore','198 Clementi North');
Insert into PROJECT_USER.LOCATION (LOCATIONID,COUNTRY,CITY,STREET_ADDRESS) values (18,'United Kingdom','London','8204 Arthur St');
Insert into PROJECT_USER.LOCATION (LOCATIONID,COUNTRY,CITY,STREET_ADDRESS) values (19,'United Kingdom','Oxford','Magdalen Centre, The Oxford Science Park');
Insert into PROJECT_USER.LOCATION (LOCATIONID,COUNTRY,CITY,STREET_ADDRESS) values (20,'United Kingdom','Stretford','9702 Chester Road');
Insert into PROJECT_USER.LOCATION (LOCATIONID,COUNTRY,CITY,STREET_ADDRESS) values (21,'Germany','Munich','Schwanthalerstr. 7031');
Insert into PROJECT_USER.LOCATION (LOCATIONID,COUNTRY,CITY,STREET_ADDRESS) values (22,'Brazil','Sao Paulo','Rua Frei Caneca 1360 ');
Insert into PROJECT_USER.LOCATION (LOCATIONID,COUNTRY,CITY,STREET_ADDRESS) values (23,'Switzerland','Geneva','20 Rue des Corps-Saints');
Insert into PROJECT_USER.LOCATION (LOCATIONID,COUNTRY,CITY,STREET_ADDRESS) values (24,'Switzerland','Bern','Murtenstrasse 921');
Insert into PROJECT_USER.LOCATION (LOCATIONID,COUNTRY,CITY,STREET_ADDRESS) values (25,'Netherlands','Utrecht','Pieter Breughelstraat 837');
Insert into PROJECT_USER.LOCATION (LOCATIONID,COUNTRY,CITY,STREET_ADDRESS) values (26,'Mexico','Mexico City','Mariano Escobedo 9991');
REM INSERTING into PROJECT_USER.PC
SET DEFINE OFF;
Insert into PROJECT_USER.PC (PCID,NAME,DESCRIPTION,CREATED,WARRANTY) values (1,'AER 100','Processors: Ryzen 3 1200 Graphics Cards: GeForce GTX 1050 Motherboards: Z87 Extreme4 Memory: Corsair LPX 32GB Hard Drives: P300 1 TB Solid State Drives: SA400S37 Power Supplies: RM550x Cases: Aero-800 CPU Coolers: AK-CC7108EP01 - 92mm ',to_date('11-AUG-19','DD-MON-RR'),5);
Insert into PROJECT_USER.PC (PCID,NAME,DESCRIPTION,CREATED,WARRANTY) values (2,'AER 200','Processors: Ryzen 3 1200 Graphics Cards: Strix RX 470 Motherboards: ASRock Z370 Extreme4 Memory: Corsair LPX 16GB Hard Drives: P300 1 TB Solid State Drives: SA400S37 Power Supplies: CX450 Cases: Aero-800 CPU Coolers: AK-CC7108EP01 - 92mm ',to_date('30-SEP-20','DD-MON-RR'),2);
Insert into PROJECT_USER.PC (PCID,NAME,DESCRIPTION,CREATED,WARRANTY) values (3,'AER 300','Processors: i3-8350K Graphics Cards: Strix RX 470 Motherboards: Z87 Extreme4 Memory: Corsair 8GB Hard Drives: P300 1 TB Solid State Drives: 970 EVO Power Supplies: CX450 Cases: Aero-800 CPU Coolers: AK-CC7108EP01 - 92mm ',to_date('29-APR-19','DD-MON-RR'),2);
Insert into PROJECT_USER.PC (PCID,NAME,DESCRIPTION,CREATED,WARRANTY) values (4,'AER 400','Processors: i5-6402P Graphics Cards: GeForce GTX 1050 Motherboards: Z87 Extreme4 Memory: Corsair 8GB Hard Drives: P300 1 TB Solid State Drives: 970 EVO Power Supplies: RM550x Cases: Aero-800 CPU Coolers: AK-CC7108EP01 - 92mm ',to_date('17-FEB-19','DD-MON-RR'),3);
Insert into PROJECT_USER.PC (PCID,NAME,DESCRIPTION,CREATED,WARRANTY) values (5,'AER 500','Processors: i3-8350K Graphics Cards: GeForce GTX 1050 Motherboards: Z87 Extreme4 Memory: Corsair LPX 16GB Hard Drives: P300 1 TB Solid State Drives: 970 EVO Power Supplies: RM550x Cases: Aero-800 CPU Coolers: Nero LX 2 120 mm ',to_date('21-MAY-20','DD-MON-RR'),3);
Insert into PROJECT_USER.PC (PCID,NAME,DESCRIPTION,CREATED,WARRANTY) values (6,'AER 600','Processors: i3-7320 Graphics Cards: GeForce GTX 1050 Motherboards: Z87 Extreme4 Memory: Corsair LPX 16GB Hard Drives: P300 1 TB Solid State Drives: SA400S37 Power Supplies: CX450 Cases: Aero-800 CPU Coolers: AK-CC7108EP01 - 92mm ',to_date('05-NOV-20','DD-MON-RR'),1);
Insert into PROJECT_USER.PC (PCID,NAME,DESCRIPTION,CREATED,WARRANTY) values (7,'AER 700','Processors: i3-7320 Graphics Cards: GeForce GTX 1050 Motherboards: ASRock Z370 Extreme4 Memory: Corsair LPX 32GB Hard Drives: P300 1 TB Solid State Drives: 970 EVO Power Supplies: RM550x Cases: Aero-800 CPU Coolers: AK-CC7108EP01 - 92mm ',to_date('12-JAN-20','DD-MON-RR'),1);
Insert into PROJECT_USER.PC (PCID,NAME,DESCRIPTION,CREATED,WARRANTY) values (8,'AER 800','Processors: A4-4020 Graphics Cards: GeForce GTX 1050 Motherboards: ASRock Z370 Extreme4 Memory: Corsair LPX 16GB Hard Drives: P300 1 TB Solid State Drives: 970 EVO Power Supplies: RM550x Cases: Aero-800 CPU Coolers: Nero LX 2 120 mm ',to_date('12-SEP-20','DD-MON-RR'),4);
Insert into PROJECT_USER.PC (PCID,NAME,DESCRIPTION,CREATED,WARRANTY) values (9,'AER 900','Processors: i3-7320 Graphics Cards: Strix RX 470 Motherboards: Z87 Extreme4 Memory: Corsair LPX 32GB Hard Drives: P300 1 TB Solid State Drives: 970 EVO Power Supplies: CX450 Cases: Aero-800 CPU Coolers: AK-CC7108EP01 - 92mm ',to_date('07-MAY-20','DD-MON-RR'),1);
Insert into PROJECT_USER.PC (PCID,NAME,DESCRIPTION,CREATED,WARRANTY) values (10,'AER 1000','Processors: i3-7320 Graphics Cards: Strix RX 470 Motherboards: ASRock Z370 Extreme4 Memory: Corsair 8GB Hard Drives: P300 1 TB Solid State Drives: SA400S37 Power Supplies: RM550x Cases: Aero-800 CPU Coolers: AK-CC7108EP01 - 92mm ',to_date('01-AUG-19','DD-MON-RR'),1);
Insert into PROJECT_USER.PC (PCID,NAME,DESCRIPTION,CREATED,WARRANTY) values (11,'AER 1100','Processors: i5-6402P Graphics Cards: GeForce GTX 1050 Motherboards: ASRock Z370 Extreme4 Memory: Corsair 8GB Hard Drives: P300 1 TB Solid State Drives: SA400S37 Power Supplies: RM550x Cases: Aero-800 CPU Coolers: AK-CC7108EP01 - 92mm ',to_date('10-DEC-19','DD-MON-RR'),5);
Insert into PROJECT_USER.PC (PCID,NAME,DESCRIPTION,CREATED,WARRANTY) values (12,'AER 1200','Processors: Ryzen 3 1200 Graphics Cards: GeForce GTX 1050 Motherboards: ASRock Z370 Extreme4 Memory: Corsair LPX 16GB Hard Drives: P300 1 TB Solid State Drives: SA400S37 Power Supplies: RM550x Cases: Aero-800 CPU Coolers: AK-CC7108EP01 - 92mm ',to_date('06-MAY-19','DD-MON-RR'),1);
Insert into PROJECT_USER.PC (PCID,NAME,DESCRIPTION,CREATED,WARRANTY) values (13,'AER 1300','Processors: i5-6402P Graphics Cards: GeForce GTX 1050 Motherboards: ASRock Z370 Extreme4 Memory: Corsair 8GB Hard Drives: P300 1 TB Solid State Drives: 970 EVO Power Supplies: RM550x Cases: Aero-800 CPU Coolers: AK-CC7108EP01 - 92mm ',to_date('02-JUN-20','DD-MON-RR'),3);
Insert into PROJECT_USER.PC (PCID,NAME,DESCRIPTION,CREATED,WARRANTY) values (14,'AER 1400','Processors: i5-6402P Graphics Cards: GeForce GTX 1050 Motherboards: Z87 Extreme4 Memory: Corsair LPX 16GB Hard Drives: P300 1 TB Solid State Drives: 970 EVO Power Supplies: CX450 Cases: Aero-800 CPU Coolers: AK-CC7108EP01 - 92mm ',to_date('06-AUG-20','DD-MON-RR'),3);
Insert into PROJECT_USER.PC (PCID,NAME,DESCRIPTION,CREATED,WARRANTY) values (15,'AER 1500','Processors: i3-7320 Graphics Cards: GeForce GTX 1050 Motherboards: ASRock Z370 Extreme4 Memory: Corsair 8GB Hard Drives: P300 1 TB Solid State Drives: 970 EVO Power Supplies: RM550x Cases: Aero-800 CPU Coolers: AK-CC7108EP01 - 92mm ',to_date('18-APR-19','DD-MON-RR'),4);
Insert into PROJECT_USER.PC (PCID,NAME,DESCRIPTION,CREATED,WARRANTY) values (16,'AER 1600','Processors: FX-9590 Graphics Cards: GeForce GTX 1050 Motherboards: Z87 Extreme4 Memory: Corsair LPX 16GB Hard Drives: P300 1 TB Solid State Drives: SA400S37 Power Supplies: RM550x Cases: Aero-800 CPU Coolers: Nero LX 2 120 mm ',to_date('29-APR-20','DD-MON-RR'),3);
Insert into PROJECT_USER.PC (PCID,NAME,DESCRIPTION,CREATED,WARRANTY) values (17,'AER 1700','Processors: i5-3570K Graphics Cards: GeForce GTX 1050 Motherboards: ASRock Z370 Extreme4 Memory: Corsair LPX 32GB Hard Drives: P300 1 TB Solid State Drives: SA400S37 Power Supplies: CX450 Cases: Aero-800 CPU Coolers: AK-CC7108EP01 - 92mm ',to_date('10-DEC-20','DD-MON-RR'),2);
Insert into PROJECT_USER.PC (PCID,NAME,DESCRIPTION,CREATED,WARRANTY) values (18,'AER 1800','Processors: A4-4020 Graphics Cards: GeForce GTX 1050 Motherboards: Z87 Extreme4 Memory: Corsair LPX 16GB Hard Drives: P300 1 TB Solid State Drives: SA400S37 Power Supplies: CX450 Cases: Aero-800 CPU Coolers: Nero LX 2 120 mm ',to_date('28-APR-19','DD-MON-RR'),3);
Insert into PROJECT_USER.PC (PCID,NAME,DESCRIPTION,CREATED,WARRANTY) values (19,'AER 1900','Processors: A4-4020 Graphics Cards: Strix RX 470 Motherboards: Z87 Extreme4 Memory: Corsair LPX 32GB Hard Drives: P300 1 TB Solid State Drives: 970 EVO Power Supplies: CX450 Cases: Aero-800 CPU Coolers: AK-CC7108EP01 - 92mm ',to_date('25-APR-19','DD-MON-RR'),2);
Insert into PROJECT_USER.PC (PCID,NAME,DESCRIPTION,CREATED,WARRANTY) values (20,'AER 2000','Processors: i3-7320 Graphics Cards: GeForce GTX 1050 Motherboards: Z87 Extreme4 Memory: Corsair LPX 16GB Hard Drives: P300 1 TB Solid State Drives: 970 EVO Power Supplies: CX450 Cases: Aero-800 CPU Coolers: AK-CC7108EP01 - 92mm ',to_date('04-JUN-20','DD-MON-RR'),4);
Insert into PROJECT_USER.PC (PCID,NAME,DESCRIPTION,CREATED,WARRANTY) values (21,'AER 2100','Processors: i3-7320 Graphics Cards: Strix RX 470 Motherboards: ASRock Z370 Extreme4 Memory: Corsair LPX 16GB Hard Drives: P300 1 TB Solid State Drives: SA400S37 Power Supplies: CX450 Cases: Aero-800 CPU Coolers: Nero LX 2 120 mm ',to_date('01-JAN-20','DD-MON-RR'),4);
Insert into PROJECT_USER.PC (PCID,NAME,DESCRIPTION,CREATED,WARRANTY) values (22,'AER 2200','Processors: i3-8350K Graphics Cards: GeForce GTX 1050 Motherboards: ASRock Z370 Extreme4 Memory: Corsair LPX 16GB Hard Drives: P300 1 TB Solid State Drives: 970 EVO Power Supplies: CX450 Cases: Aero-800 CPU Coolers: AK-CC7108EP01 - 92mm ',to_date('02-MAY-20','DD-MON-RR'),4);
Insert into PROJECT_USER.PC (PCID,NAME,DESCRIPTION,CREATED,WARRANTY) values (23,'AER 2300','Processors: A4-4020 Graphics Cards: GeForce GTX 1050 Motherboards: ASRock Z370 Extreme4 Memory: Corsair LPX 32GB Hard Drives: P300 1 TB Solid State Drives: SA400S37 Power Supplies: RM550x Cases: Aero-800 CPU Coolers: Nero LX 2 120 mm ',to_date('12-JUN-19','DD-MON-RR'),4);
Insert into PROJECT_USER.PC (PCID,NAME,DESCRIPTION,CREATED,WARRANTY) values (24,'AER 2400','Processors: i5-4460 Graphics Cards: Strix RX 470 Motherboards: ASRock Z370 Extreme4 Memory: Corsair 8GB Hard Drives: P300 1 TB Solid State Drives: 970 EVO Power Supplies: RM550x Cases: Aero-800 CPU Coolers: Nero LX 2 120 mm ',to_date('31-MAY-20','DD-MON-RR'),1);
Insert into PROJECT_USER.PC (PCID,NAME,DESCRIPTION,CREATED,WARRANTY) values (25,'AER 2500','Processors: Ryzen 3 1200 Graphics Cards: Strix RX 470 Motherboards: ASRock Z370 Extreme4 Memory: Corsair LPX 16GB Hard Drives: P300 1 TB Solid State Drives: SA400S37 Power Supplies: RM550x Cases: Aero-800 CPU Coolers: Nero LX 2 120 mm ',to_date('12-JUN-19','DD-MON-RR'),2);
REM INSERTING into PROJECT_USER.PC_AND_COMPONENTS
SET DEFINE OFF;
Insert into PROJECT_USER.PC_AND_COMPONENTS (PCID,COMPONENTID) values (6,1);
Insert into PROJECT_USER.PC_AND_COMPONENTS (PCID,COMPONENTID) values (7,1);
Insert into PROJECT_USER.PC_AND_COMPONENTS (PCID,COMPONENTID) values (9,1);
Insert into PROJECT_USER.PC_AND_COMPONENTS (PCID,COMPONENTID) values (10,1);
Insert into PROJECT_USER.PC_AND_COMPONENTS (PCID,COMPONENTID) values (15,1);
Insert into PROJECT_USER.PC_AND_COMPONENTS (PCID,COMPONENTID) values (20,1);
Insert into PROJECT_USER.PC_AND_COMPONENTS (PCID,COMPONENTID) values (21,1);
Insert into PROJECT_USER.PC_AND_COMPONENTS (PCID,COMPONENTID) values (3,2);
Insert into PROJECT_USER.PC_AND_COMPONENTS (PCID,COMPONENTID) values (5,2);
Insert into PROJECT_USER.PC_AND_COMPONENTS (PCID,COMPONENTID) values (22,2);
Insert into PROJECT_USER.PC_AND_COMPONENTS (PCID,COMPONENTID) values (17,3);
Insert into PROJECT_USER.PC_AND_COMPONENTS (PCID,COMPONENTID) values (4,4);
Insert into PROJECT_USER.PC_AND_COMPONENTS (PCID,COMPONENTID) values (11,4);
Insert into PROJECT_USER.PC_AND_COMPONENTS (PCID,COMPONENTID) values (13,4);
Insert into PROJECT_USER.PC_AND_COMPONENTS (PCID,COMPONENTID) values (14,4);
Insert into PROJECT_USER.PC_AND_COMPONENTS (PCID,COMPONENTID) values (24,5);
Insert into PROJECT_USER.PC_AND_COMPONENTS (PCID,COMPONENTID) values (16,6);
Insert into PROJECT_USER.PC_AND_COMPONENTS (PCID,COMPONENTID) values (8,7);
Insert into PROJECT_USER.PC_AND_COMPONENTS (PCID,COMPONENTID) values (18,7);
Insert into PROJECT_USER.PC_AND_COMPONENTS (PCID,COMPONENTID) values (19,7);
Insert into PROJECT_USER.PC_AND_COMPONENTS (PCID,COMPONENTID) values (23,7);
Insert into PROJECT_USER.PC_AND_COMPONENTS (PCID,COMPONENTID) values (1,8);
Insert into PROJECT_USER.PC_AND_COMPONENTS (PCID,COMPONENTID) values (2,8);
Insert into PROJECT_USER.PC_AND_COMPONENTS (PCID,COMPONENTID) values (12,8);
Insert into PROJECT_USER.PC_AND_COMPONENTS (PCID,COMPONENTID) values (25,8);
Insert into PROJECT_USER.PC_AND_COMPONENTS (PCID,COMPONENTID) values (2,9);
Insert into PROJECT_USER.PC_AND_COMPONENTS (PCID,COMPONENTID) values (3,9);
Insert into PROJECT_USER.PC_AND_COMPONENTS (PCID,COMPONENTID) values (9,9);
Insert into PROJECT_USER.PC_AND_COMPONENTS (PCID,COMPONENTID) values (10,9);
Insert into PROJECT_USER.PC_AND_COMPONENTS (PCID,COMPONENTID) values (19,9);
Insert into PROJECT_USER.PC_AND_COMPONENTS (PCID,COMPONENTID) values (21,9);
Insert into PROJECT_USER.PC_AND_COMPONENTS (PCID,COMPONENTID) values (24,9);
Insert into PROJECT_USER.PC_AND_COMPONENTS (PCID,COMPONENTID) values (25,9);
Insert into PROJECT_USER.PC_AND_COMPONENTS (PCID,COMPONENTID) values (1,10);
Insert into PROJECT_USER.PC_AND_COMPONENTS (PCID,COMPONENTID) values (4,10);
Insert into PROJECT_USER.PC_AND_COMPONENTS (PCID,COMPONENTID) values (5,10);
Insert into PROJECT_USER.PC_AND_COMPONENTS (PCID,COMPONENTID) values (6,10);
Insert into PROJECT_USER.PC_AND_COMPONENTS (PCID,COMPONENTID) values (7,10);
Insert into PROJECT_USER.PC_AND_COMPONENTS (PCID,COMPONENTID) values (8,10);
Insert into PROJECT_USER.PC_AND_COMPONENTS (PCID,COMPONENTID) values (11,10);
Insert into PROJECT_USER.PC_AND_COMPONENTS (PCID,COMPONENTID) values (12,10);
Insert into PROJECT_USER.PC_AND_COMPONENTS (PCID,COMPONENTID) values (13,10);
Insert into PROJECT_USER.PC_AND_COMPONENTS (PCID,COMPONENTID) values (14,10);
Insert into PROJECT_USER.PC_AND_COMPONENTS (PCID,COMPONENTID) values (15,10);
Insert into PROJECT_USER.PC_AND_COMPONENTS (PCID,COMPONENTID) values (16,10);
Insert into PROJECT_USER.PC_AND_COMPONENTS (PCID,COMPONENTID) values (17,10);
Insert into PROJECT_USER.PC_AND_COMPONENTS (PCID,COMPONENTID) values (18,10);
Insert into PROJECT_USER.PC_AND_COMPONENTS (PCID,COMPONENTID) values (20,10);
Insert into PROJECT_USER.PC_AND_COMPONENTS (PCID,COMPONENTID) values (22,10);
Insert into PROJECT_USER.PC_AND_COMPONENTS (PCID,COMPONENTID) values (23,10);
Insert into PROJECT_USER.PC_AND_COMPONENTS (PCID,COMPONENTID) values (1,11);
Insert into PROJECT_USER.PC_AND_COMPONENTS (PCID,COMPONENTID) values (3,11);
Insert into PROJECT_USER.PC_AND_COMPONENTS (PCID,COMPONENTID) values (4,11);
Insert into PROJECT_USER.PC_AND_COMPONENTS (PCID,COMPONENTID) values (5,11);
Insert into PROJECT_USER.PC_AND_COMPONENTS (PCID,COMPONENTID) values (6,11);
Insert into PROJECT_USER.PC_AND_COMPONENTS (PCID,COMPONENTID) values (9,11);
Insert into PROJECT_USER.PC_AND_COMPONENTS (PCID,COMPONENTID) values (14,11);
Insert into PROJECT_USER.PC_AND_COMPONENTS (PCID,COMPONENTID) values (16,11);
Insert into PROJECT_USER.PC_AND_COMPONENTS (PCID,COMPONENTID) values (18,11);
Insert into PROJECT_USER.PC_AND_COMPONENTS (PCID,COMPONENTID) values (19,11);
Insert into PROJECT_USER.PC_AND_COMPONENTS (PCID,COMPONENTID) values (20,11);
Insert into PROJECT_USER.PC_AND_COMPONENTS (PCID,COMPONENTID) values (2,12);
Insert into PROJECT_USER.PC_AND_COMPONENTS (PCID,COMPONENTID) values (7,12);
Insert into PROJECT_USER.PC_AND_COMPONENTS (PCID,COMPONENTID) values (8,12);
Insert into PROJECT_USER.PC_AND_COMPONENTS (PCID,COMPONENTID) values (10,12);
Insert into PROJECT_USER.PC_AND_COMPONENTS (PCID,COMPONENTID) values (11,12);
Insert into PROJECT_USER.PC_AND_COMPONENTS (PCID,COMPONENTID) values (12,12);
Insert into PROJECT_USER.PC_AND_COMPONENTS (PCID,COMPONENTID) values (13,12);
Insert into PROJECT_USER.PC_AND_COMPONENTS (PCID,COMPONENTID) values (15,12);
Insert into PROJECT_USER.PC_AND_COMPONENTS (PCID,COMPONENTID) values (17,12);
Insert into PROJECT_USER.PC_AND_COMPONENTS (PCID,COMPONENTID) values (21,12);
Insert into PROJECT_USER.PC_AND_COMPONENTS (PCID,COMPONENTID) values (22,12);
Insert into PROJECT_USER.PC_AND_COMPONENTS (PCID,COMPONENTID) values (23,12);
Insert into PROJECT_USER.PC_AND_COMPONENTS (PCID,COMPONENTID) values (24,12);
Insert into PROJECT_USER.PC_AND_COMPONENTS (PCID,COMPONENTID) values (25,12);
Insert into PROJECT_USER.PC_AND_COMPONENTS (PCID,COMPONENTID) values (1,21);
Insert into PROJECT_USER.PC_AND_COMPONENTS (PCID,COMPONENTID) values (7,21);
Insert into PROJECT_USER.PC_AND_COMPONENTS (PCID,COMPONENTID) values (9,21);
Insert into PROJECT_USER.PC_AND_COMPONENTS (PCID,COMPONENTID) values (17,21);
Insert into PROJECT_USER.PC_AND_COMPONENTS (PCID,COMPONENTID) values (19,21);
Insert into PROJECT_USER.PC_AND_COMPONENTS (PCID,COMPONENTID) values (23,21);
Insert into PROJECT_USER.PC_AND_COMPONENTS (PCID,COMPONENTID) values (2,22);
Insert into PROJECT_USER.PC_AND_COMPONENTS (PCID,COMPONENTID) values (5,22);
Insert into PROJECT_USER.PC_AND_COMPONENTS (PCID,COMPONENTID) values (6,22);
Insert into PROJECT_USER.PC_AND_COMPONENTS (PCID,COMPONENTID) values (8,22);
Insert into PROJECT_USER.PC_AND_COMPONENTS (PCID,COMPONENTID) values (12,22);
Insert into PROJECT_USER.PC_AND_COMPONENTS (PCID,COMPONENTID) values (14,22);
Insert into PROJECT_USER.PC_AND_COMPONENTS (PCID,COMPONENTID) values (16,22);
Insert into PROJECT_USER.PC_AND_COMPONENTS (PCID,COMPONENTID) values (18,22);
Insert into PROJECT_USER.PC_AND_COMPONENTS (PCID,COMPONENTID) values (20,22);
Insert into PROJECT_USER.PC_AND_COMPONENTS (PCID,COMPONENTID) values (21,22);
Insert into PROJECT_USER.PC_AND_COMPONENTS (PCID,COMPONENTID) values (22,22);
Insert into PROJECT_USER.PC_AND_COMPONENTS (PCID,COMPONENTID) values (25,22);
Insert into PROJECT_USER.PC_AND_COMPONENTS (PCID,COMPONENTID) values (3,23);
Insert into PROJECT_USER.PC_AND_COMPONENTS (PCID,COMPONENTID) values (4,23);
Insert into PROJECT_USER.PC_AND_COMPONENTS (PCID,COMPONENTID) values (10,23);
Insert into PROJECT_USER.PC_AND_COMPONENTS (PCID,COMPONENTID) values (11,23);
Insert into PROJECT_USER.PC_AND_COMPONENTS (PCID,COMPONENTID) values (13,23);
Insert into PROJECT_USER.PC_AND_COMPONENTS (PCID,COMPONENTID) values (15,23);
Insert into PROJECT_USER.PC_AND_COMPONENTS (PCID,COMPONENTID) values (24,23);
Insert into PROJECT_USER.PC_AND_COMPONENTS (PCID,COMPONENTID) values (1,26);
Insert into PROJECT_USER.PC_AND_COMPONENTS (PCID,COMPONENTID) values (2,26);
Insert into PROJECT_USER.PC_AND_COMPONENTS (PCID,COMPONENTID) values (3,26);
Insert into PROJECT_USER.PC_AND_COMPONENTS (PCID,COMPONENTID) values (4,26);
Insert into PROJECT_USER.PC_AND_COMPONENTS (PCID,COMPONENTID) values (5,26);
Insert into PROJECT_USER.PC_AND_COMPONENTS (PCID,COMPONENTID) values (6,26);
Insert into PROJECT_USER.PC_AND_COMPONENTS (PCID,COMPONENTID) values (7,26);
Insert into PROJECT_USER.PC_AND_COMPONENTS (PCID,COMPONENTID) values (8,26);
Insert into PROJECT_USER.PC_AND_COMPONENTS (PCID,COMPONENTID) values (9,26);
Insert into PROJECT_USER.PC_AND_COMPONENTS (PCID,COMPONENTID) values (10,26);
Insert into PROJECT_USER.PC_AND_COMPONENTS (PCID,COMPONENTID) values (11,26);
Insert into PROJECT_USER.PC_AND_COMPONENTS (PCID,COMPONENTID) values (12,26);
Insert into PROJECT_USER.PC_AND_COMPONENTS (PCID,COMPONENTID) values (13,26);
Insert into PROJECT_USER.PC_AND_COMPONENTS (PCID,COMPONENTID) values (14,26);
Insert into PROJECT_USER.PC_AND_COMPONENTS (PCID,COMPONENTID) values (15,26);
Insert into PROJECT_USER.PC_AND_COMPONENTS (PCID,COMPONENTID) values (16,26);
Insert into PROJECT_USER.PC_AND_COMPONENTS (PCID,COMPONENTID) values (17,26);
Insert into PROJECT_USER.PC_AND_COMPONENTS (PCID,COMPONENTID) values (18,26);
Insert into PROJECT_USER.PC_AND_COMPONENTS (PCID,COMPONENTID) values (19,26);
Insert into PROJECT_USER.PC_AND_COMPONENTS (PCID,COMPONENTID) values (20,26);
Insert into PROJECT_USER.PC_AND_COMPONENTS (PCID,COMPONENTID) values (21,26);
Insert into PROJECT_USER.PC_AND_COMPONENTS (PCID,COMPONENTID) values (22,26);
Insert into PROJECT_USER.PC_AND_COMPONENTS (PCID,COMPONENTID) values (23,26);
Insert into PROJECT_USER.PC_AND_COMPONENTS (PCID,COMPONENTID) values (24,26);
Insert into PROJECT_USER.PC_AND_COMPONENTS (PCID,COMPONENTID) values (25,26);
Insert into PROJECT_USER.PC_AND_COMPONENTS (PCID,COMPONENTID) values (1,27);
Insert into PROJECT_USER.PC_AND_COMPONENTS (PCID,COMPONENTID) values (2,27);
Insert into PROJECT_USER.PC_AND_COMPONENTS (PCID,COMPONENTID) values (6,27);
Insert into PROJECT_USER.PC_AND_COMPONENTS (PCID,COMPONENTID) values (10,27);
Insert into PROJECT_USER.PC_AND_COMPONENTS (PCID,COMPONENTID) values (11,27);
Insert into PROJECT_USER.PC_AND_COMPONENTS (PCID,COMPONENTID) values (12,27);
Insert into PROJECT_USER.PC_AND_COMPONENTS (PCID,COMPONENTID) values (16,27);
Insert into PROJECT_USER.PC_AND_COMPONENTS (PCID,COMPONENTID) values (17,27);
Insert into PROJECT_USER.PC_AND_COMPONENTS (PCID,COMPONENTID) values (18,27);
Insert into PROJECT_USER.PC_AND_COMPONENTS (PCID,COMPONENTID) values (21,27);
Insert into PROJECT_USER.PC_AND_COMPONENTS (PCID,COMPONENTID) values (23,27);
Insert into PROJECT_USER.PC_AND_COMPONENTS (PCID,COMPONENTID) values (25,27);
Insert into PROJECT_USER.PC_AND_COMPONENTS (PCID,COMPONENTID) values (3,28);
Insert into PROJECT_USER.PC_AND_COMPONENTS (PCID,COMPONENTID) values (4,28);
Insert into PROJECT_USER.PC_AND_COMPONENTS (PCID,COMPONENTID) values (5,28);
Insert into PROJECT_USER.PC_AND_COMPONENTS (PCID,COMPONENTID) values (7,28);
Insert into PROJECT_USER.PC_AND_COMPONENTS (PCID,COMPONENTID) values (8,28);
Insert into PROJECT_USER.PC_AND_COMPONENTS (PCID,COMPONENTID) values (9,28);
Insert into PROJECT_USER.PC_AND_COMPONENTS (PCID,COMPONENTID) values (13,28);
Insert into PROJECT_USER.PC_AND_COMPONENTS (PCID,COMPONENTID) values (14,28);
Insert into PROJECT_USER.PC_AND_COMPONENTS (PCID,COMPONENTID) values (15,28);
Insert into PROJECT_USER.PC_AND_COMPONENTS (PCID,COMPONENTID) values (19,28);
Insert into PROJECT_USER.PC_AND_COMPONENTS (PCID,COMPONENTID) values (20,28);
Insert into PROJECT_USER.PC_AND_COMPONENTS (PCID,COMPONENTID) values (22,28);
Insert into PROJECT_USER.PC_AND_COMPONENTS (PCID,COMPONENTID) values (24,28);
Insert into PROJECT_USER.PC_AND_COMPONENTS (PCID,COMPONENTID) values (2,29);
Insert into PROJECT_USER.PC_AND_COMPONENTS (PCID,COMPONENTID) values (3,29);
Insert into PROJECT_USER.PC_AND_COMPONENTS (PCID,COMPONENTID) values (6,29);
Insert into PROJECT_USER.PC_AND_COMPONENTS (PCID,COMPONENTID) values (9,29);
Insert into PROJECT_USER.PC_AND_COMPONENTS (PCID,COMPONENTID) values (14,29);
Insert into PROJECT_USER.PC_AND_COMPONENTS (PCID,COMPONENTID) values (17,29);
Insert into PROJECT_USER.PC_AND_COMPONENTS (PCID,COMPONENTID) values (18,29);
Insert into PROJECT_USER.PC_AND_COMPONENTS (PCID,COMPONENTID) values (19,29);
Insert into PROJECT_USER.PC_AND_COMPONENTS (PCID,COMPONENTID) values (20,29);
Insert into PROJECT_USER.PC_AND_COMPONENTS (PCID,COMPONENTID) values (21,29);
Insert into PROJECT_USER.PC_AND_COMPONENTS (PCID,COMPONENTID) values (22,29);
Insert into PROJECT_USER.PC_AND_COMPONENTS (PCID,COMPONENTID) values (1,30);
Insert into PROJECT_USER.PC_AND_COMPONENTS (PCID,COMPONENTID) values (4,30);
Insert into PROJECT_USER.PC_AND_COMPONENTS (PCID,COMPONENTID) values (5,30);
Insert into PROJECT_USER.PC_AND_COMPONENTS (PCID,COMPONENTID) values (7,30);
Insert into PROJECT_USER.PC_AND_COMPONENTS (PCID,COMPONENTID) values (8,30);
Insert into PROJECT_USER.PC_AND_COMPONENTS (PCID,COMPONENTID) values (10,30);
Insert into PROJECT_USER.PC_AND_COMPONENTS (PCID,COMPONENTID) values (11,30);
Insert into PROJECT_USER.PC_AND_COMPONENTS (PCID,COMPONENTID) values (12,30);
Insert into PROJECT_USER.PC_AND_COMPONENTS (PCID,COMPONENTID) values (13,30);
Insert into PROJECT_USER.PC_AND_COMPONENTS (PCID,COMPONENTID) values (15,30);
Insert into PROJECT_USER.PC_AND_COMPONENTS (PCID,COMPONENTID) values (16,30);
Insert into PROJECT_USER.PC_AND_COMPONENTS (PCID,COMPONENTID) values (23,30);
Insert into PROJECT_USER.PC_AND_COMPONENTS (PCID,COMPONENTID) values (24,30);
Insert into PROJECT_USER.PC_AND_COMPONENTS (PCID,COMPONENTID) values (25,30);
Insert into PROJECT_USER.PC_AND_COMPONENTS (PCID,COMPONENTID) values (1,31);
Insert into PROJECT_USER.PC_AND_COMPONENTS (PCID,COMPONENTID) values (2,31);
Insert into PROJECT_USER.PC_AND_COMPONENTS (PCID,COMPONENTID) values (3,31);
Insert into PROJECT_USER.PC_AND_COMPONENTS (PCID,COMPONENTID) values (4,31);
Insert into PROJECT_USER.PC_AND_COMPONENTS (PCID,COMPONENTID) values (5,31);
Insert into PROJECT_USER.PC_AND_COMPONENTS (PCID,COMPONENTID) values (6,31);
Insert into PROJECT_USER.PC_AND_COMPONENTS (PCID,COMPONENTID) values (7,31);
Insert into PROJECT_USER.PC_AND_COMPONENTS (PCID,COMPONENTID) values (8,31);
Insert into PROJECT_USER.PC_AND_COMPONENTS (PCID,COMPONENTID) values (9,31);
Insert into PROJECT_USER.PC_AND_COMPONENTS (PCID,COMPONENTID) values (10,31);
Insert into PROJECT_USER.PC_AND_COMPONENTS (PCID,COMPONENTID) values (11,31);
Insert into PROJECT_USER.PC_AND_COMPONENTS (PCID,COMPONENTID) values (12,31);
Insert into PROJECT_USER.PC_AND_COMPONENTS (PCID,COMPONENTID) values (13,31);
Insert into PROJECT_USER.PC_AND_COMPONENTS (PCID,COMPONENTID) values (14,31);
Insert into PROJECT_USER.PC_AND_COMPONENTS (PCID,COMPONENTID) values (15,31);
Insert into PROJECT_USER.PC_AND_COMPONENTS (PCID,COMPONENTID) values (16,31);
Insert into PROJECT_USER.PC_AND_COMPONENTS (PCID,COMPONENTID) values (17,31);
Insert into PROJECT_USER.PC_AND_COMPONENTS (PCID,COMPONENTID) values (18,31);
Insert into PROJECT_USER.PC_AND_COMPONENTS (PCID,COMPONENTID) values (19,31);
Insert into PROJECT_USER.PC_AND_COMPONENTS (PCID,COMPONENTID) values (20,31);
Insert into PROJECT_USER.PC_AND_COMPONENTS (PCID,COMPONENTID) values (21,31);
Insert into PROJECT_USER.PC_AND_COMPONENTS (PCID,COMPONENTID) values (22,31);
Insert into PROJECT_USER.PC_AND_COMPONENTS (PCID,COMPONENTID) values (23,31);
Insert into PROJECT_USER.PC_AND_COMPONENTS (PCID,COMPONENTID) values (24,31);
Insert into PROJECT_USER.PC_AND_COMPONENTS (PCID,COMPONENTID) values (25,31);
Insert into PROJECT_USER.PC_AND_COMPONENTS (PCID,COMPONENTID) values (5,32);
Insert into PROJECT_USER.PC_AND_COMPONENTS (PCID,COMPONENTID) values (8,32);
Insert into PROJECT_USER.PC_AND_COMPONENTS (PCID,COMPONENTID) values (16,32);
Insert into PROJECT_USER.PC_AND_COMPONENTS (PCID,COMPONENTID) values (18,32);
Insert into PROJECT_USER.PC_AND_COMPONENTS (PCID,COMPONENTID) values (21,32);
Insert into PROJECT_USER.PC_AND_COMPONENTS (PCID,COMPONENTID) values (23,32);
Insert into PROJECT_USER.PC_AND_COMPONENTS (PCID,COMPONENTID) values (24,32);
Insert into PROJECT_USER.PC_AND_COMPONENTS (PCID,COMPONENTID) values (25,32);
Insert into PROJECT_USER.PC_AND_COMPONENTS (PCID,COMPONENTID) values (1,33);
Insert into PROJECT_USER.PC_AND_COMPONENTS (PCID,COMPONENTID) values (2,33);
Insert into PROJECT_USER.PC_AND_COMPONENTS (PCID,COMPONENTID) values (3,33);
Insert into PROJECT_USER.PC_AND_COMPONENTS (PCID,COMPONENTID) values (4,33);
Insert into PROJECT_USER.PC_AND_COMPONENTS (PCID,COMPONENTID) values (6,33);
Insert into PROJECT_USER.PC_AND_COMPONENTS (PCID,COMPONENTID) values (7,33);
Insert into PROJECT_USER.PC_AND_COMPONENTS (PCID,COMPONENTID) values (9,33);
Insert into PROJECT_USER.PC_AND_COMPONENTS (PCID,COMPONENTID) values (10,33);
Insert into PROJECT_USER.PC_AND_COMPONENTS (PCID,COMPONENTID) values (11,33);
Insert into PROJECT_USER.PC_AND_COMPONENTS (PCID,COMPONENTID) values (12,33);
Insert into PROJECT_USER.PC_AND_COMPONENTS (PCID,COMPONENTID) values (13,33);
Insert into PROJECT_USER.PC_AND_COMPONENTS (PCID,COMPONENTID) values (14,33);
Insert into PROJECT_USER.PC_AND_COMPONENTS (PCID,COMPONENTID) values (15,33);
Insert into PROJECT_USER.PC_AND_COMPONENTS (PCID,COMPONENTID) values (17,33);
Insert into PROJECT_USER.PC_AND_COMPONENTS (PCID,COMPONENTID) values (19,33);
Insert into PROJECT_USER.PC_AND_COMPONENTS (PCID,COMPONENTID) values (20,33);
Insert into PROJECT_USER.PC_AND_COMPONENTS (PCID,COMPONENTID) values (22,33);
REM INSERTING into PROJECT_USER.PURCHASE
SET DEFINE OFF;
Insert into PROJECT_USER.PURCHASE (PURCHASEID,FACTORYID,PURCHASEDATE,QUANTITY,COMPONENTID,PRICE) values (61,1,to_date('25-AUG-17','DD-MON-RR'),100,1,84.43);
Insert into PROJECT_USER.PURCHASE (PURCHASEID,FACTORYID,PURCHASEDATE,QUANTITY,COMPONENTID,PRICE) values (62,1,to_date('05-DEC-17','DD-MON-RR'),50,2,103.83);
Insert into PROJECT_USER.PURCHASE (PURCHASEID,FACTORYID,PURCHASEDATE,QUANTITY,COMPONENTID,PRICE) values (63,1,to_date('31-OCT-18','DD-MON-RR'),23,3,194.09);
Insert into PROJECT_USER.PURCHASE (PURCHASEID,FACTORYID,PURCHASEDATE,QUANTITY,COMPONENTID,PRICE) values (64,1,to_date('13-SEP-14','DD-MON-RR'),45,4,80);
Insert into PROJECT_USER.PURCHASE (PURCHASEID,FACTORYID,PURCHASEDATE,QUANTITY,COMPONENTID,PRICE) values (65,1,to_date('07-DEC-15','DD-MON-RR'),5,5,64.41);
Insert into PROJECT_USER.PURCHASE (PURCHASEID,FACTORYID,PURCHASEDATE,QUANTITY,COMPONENTID,PRICE) values (66,2,to_date('27-MAY-18','DD-MON-RR'),270,6,178.49);
Insert into PROJECT_USER.PURCHASE (PURCHASEID,FACTORYID,PURCHASEDATE,QUANTITY,COMPONENTID,PRICE) values (67,2,to_date('20-FEB-16','DD-MON-RR'),216,7,135.83);
Insert into PROJECT_USER.PURCHASE (PURCHASEID,FACTORYID,PURCHASEDATE,QUANTITY,COMPONENTID,PRICE) values (68,2,to_date('13-JAN-19','DD-MON-RR'),138,8,92.16);
Insert into PROJECT_USER.PURCHASE (PURCHASEID,FACTORYID,PURCHASEDATE,QUANTITY,COMPONENTID,PRICE) values (69,3,to_date('10-MAR-19','DD-MON-RR'),177,9,148.73);
Insert into PROJECT_USER.PURCHASE (PURCHASEID,FACTORYID,PURCHASEDATE,QUANTITY,COMPONENTID,PRICE) values (70,4,to_date('28-MAR-18','DD-MON-RR'),500,10,139.69);
Insert into PROJECT_USER.PURCHASE (PURCHASEID,FACTORYID,PURCHASEDATE,QUANTITY,COMPONENTID,PRICE) values (71,5,to_date('23-OCT-16','DD-MON-RR'),199,11,144.73);
Insert into PROJECT_USER.PURCHASE (PURCHASEID,FACTORYID,PURCHASEDATE,QUANTITY,COMPONENTID,PRICE) values (72,5,to_date('01-SEP-17','DD-MON-RR'),840,12,161.84);
Insert into PROJECT_USER.PURCHASE (PURCHASEID,FACTORYID,PURCHASEDATE,QUANTITY,COMPONENTID,PRICE) values (73,6,to_date('20-FEB-19','DD-MON-RR'),609,21,198.69);
Insert into PROJECT_USER.PURCHASE (PURCHASEID,FACTORYID,PURCHASEDATE,QUANTITY,COMPONENTID,PRICE) values (74,6,to_date('27-JAN-17','DD-MON-RR'),986,22,71.41);
Insert into PROJECT_USER.PURCHASE (PURCHASEID,FACTORYID,PURCHASEDATE,QUANTITY,COMPONENTID,PRICE) values (75,6,to_date('20-DEC-16','DD-MON-RR'),232,23,168.19);
Insert into PROJECT_USER.PURCHASE (PURCHASEID,FACTORYID,PURCHASEDATE,QUANTITY,COMPONENTID,PRICE) values (76,7,to_date('25-SEP-14','DD-MON-RR'),813,26,79.74);
Insert into PROJECT_USER.PURCHASE (PURCHASEID,FACTORYID,PURCHASEDATE,QUANTITY,COMPONENTID,PRICE) values (78,8,to_date('12-JAN-19','DD-MON-RR'),176,27,96.59);
Insert into PROJECT_USER.PURCHASE (PURCHASEID,FACTORYID,PURCHASEDATE,QUANTITY,COMPONENTID,PRICE) values (79,9,to_date('20-JAN-19','DD-MON-RR'),161,28,160.31);
Insert into PROJECT_USER.PURCHASE (PURCHASEID,FACTORYID,PURCHASEDATE,QUANTITY,COMPONENTID,PRICE) values (80,6,to_date('06-FEB-18','DD-MON-RR'),155,29,164.42);
Insert into PROJECT_USER.PURCHASE (PURCHASEID,FACTORYID,PURCHASEDATE,QUANTITY,COMPONENTID,PRICE) values (81,6,to_date('27-FEB-17','DD-MON-RR'),263,30,153.79);
Insert into PROJECT_USER.PURCHASE (PURCHASEID,FACTORYID,PURCHASEDATE,QUANTITY,COMPONENTID,PRICE) values (82,11,to_date('01-MAR-17','DD-MON-RR'),448,31,71.45);
Insert into PROJECT_USER.PURCHASE (PURCHASEID,FACTORYID,PURCHASEDATE,QUANTITY,COMPONENTID,PRICE) values (83,11,to_date('06-APR-18','DD-MON-RR'),222,31,138.95);
Insert into PROJECT_USER.PURCHASE (PURCHASEID,FACTORYID,PURCHASEDATE,QUANTITY,COMPONENTID,PRICE) values (84,10,to_date('05-JUN-15','DD-MON-RR'),677,32,158.27);
Insert into PROJECT_USER.PURCHASE (PURCHASEID,FACTORYID,PURCHASEDATE,QUANTITY,COMPONENTID,PRICE) values (85,10,to_date('13-FEB-19','DD-MON-RR'),823,33,90.26);
REM INSERTING into PROJECT_USER.PURPOSE_OF_SALE
SET DEFINE OFF;
Insert into PROJECT_USER.PURPOSE_OF_SALE (USAGEID,NAME) values (1,'Home');
Insert into PROJECT_USER.PURPOSE_OF_SALE (USAGEID,NAME) values (2,'Gaming');
Insert into PROJECT_USER.PURPOSE_OF_SALE (USAGEID,NAME) values (3,'Business');
Insert into PROJECT_USER.PURPOSE_OF_SALE (USAGEID,NAME) values (4,'Programming');
REM INSERTING into PROJECT_USER.SALES
SET DEFINE OFF;
Insert into PROJECT_USER.SALES (SALESID,PURPOSEID,SALEDATE,SALE_QUANTITY,CUSTOMERID,PCID,PRICE_OF_PC) values (3,4,to_date('09-SEP-19','DD-MON-RR'),1,20,1,4637.1);
Insert into PROJECT_USER.SALES (SALESID,PURPOSEID,SALEDATE,SALE_QUANTITY,CUSTOMERID,PCID,PRICE_OF_PC) values (4,2,to_date('21-OCT-20','DD-MON-RR'),1,16,2,2604.28);
Insert into PROJECT_USER.SALES (SALESID,PURPOSEID,SALEDATE,SALE_QUANTITY,CUSTOMERID,PCID,PRICE_OF_PC) values (5,2,to_date('20-MAY-19','DD-MON-RR'),1,14,3,1441.67);
Insert into PROJECT_USER.SALES (SALESID,PURPOSEID,SALEDATE,SALE_QUANTITY,CUSTOMERID,PCID,PRICE_OF_PC) values (6,4,to_date('05-MAR-19','DD-MON-RR'),1,13,4,1790.77);
Insert into PROJECT_USER.SALES (SALESID,PURPOSEID,SALEDATE,SALE_QUANTITY,CUSTOMERID,PCID,PRICE_OF_PC) values (7,4,to_date('09-JUN-20','DD-MON-RR'),1,20,5,2212.19);
Insert into PROJECT_USER.SALES (SALESID,PURPOSEID,SALEDATE,SALE_QUANTITY,CUSTOMERID,PCID,PRICE_OF_PC) values (8,1,to_date('26-NOV-20','DD-MON-RR'),1,20,6,2469.44);
Insert into PROJECT_USER.SALES (SALESID,PURPOSEID,SALEDATE,SALE_QUANTITY,CUSTOMERID,PCID,PRICE_OF_PC) values (9,4,to_date('20-JAN-20','DD-MON-RR'),67,9,7,1804.12);
Insert into PROJECT_USER.SALES (SALESID,PURPOSEID,SALEDATE,SALE_QUANTITY,CUSTOMERID,PCID,PRICE_OF_PC) values (10,3,to_date('16-SEP-20','DD-MON-RR'),22,9,8,2186.83);
Insert into PROJECT_USER.SALES (SALESID,PURPOSEID,SALEDATE,SALE_QUANTITY,CUSTOMERID,PCID,PRICE_OF_PC) values (11,2,to_date('27-MAY-20','DD-MON-RR'),1,13,9,3530.47);
Insert into PROJECT_USER.SALES (SALESID,PURPOSEID,SALEDATE,SALE_QUANTITY,CUSTOMERID,PCID,PRICE_OF_PC) values (12,4,to_date('28-AUG-19','DD-MON-RR'),1,15,10,2217.48);
Insert into PROJECT_USER.SALES (SALESID,PURPOSEID,SALEDATE,SALE_QUANTITY,CUSTOMERID,PCID,PRICE_OF_PC) values (13,4,to_date('21-DEC-19','DD-MON-RR'),39,11,11,1076.2);
Insert into PROJECT_USER.SALES (SALESID,PURPOSEID,SALEDATE,SALE_QUANTITY,CUSTOMERID,PCID,PRICE_OF_PC) values (14,4,to_date('19-MAY-19','DD-MON-RR'),1,13,12,1951.76);
Insert into PROJECT_USER.SALES (SALESID,PURPOSEID,SALEDATE,SALE_QUANTITY,CUSTOMERID,PCID,PRICE_OF_PC) values (15,4,to_date('08-JUN-20','DD-MON-RR'),96,9,13,2159.11);
Insert into PROJECT_USER.SALES (SALESID,PURPOSEID,SALEDATE,SALE_QUANTITY,CUSTOMERID,PCID,PRICE_OF_PC) values (16,2,to_date('10-AUG-20','DD-MON-RR'),1,13,14,4142.18);
Insert into PROJECT_USER.SALES (SALESID,PURPOSEID,SALEDATE,SALE_QUANTITY,CUSTOMERID,PCID,PRICE_OF_PC) values (17,2,to_date('07-MAY-19','DD-MON-RR'),1,18,15,3105.8);
Insert into PROJECT_USER.SALES (SALESID,PURPOSEID,SALEDATE,SALE_QUANTITY,CUSTOMERID,PCID,PRICE_OF_PC) values (18,3,to_date('14-MAY-20','DD-MON-RR'),1,16,16,4723.57);
Insert into PROJECT_USER.SALES (SALESID,PURPOSEID,SALEDATE,SALE_QUANTITY,CUSTOMERID,PCID,PRICE_OF_PC) values (19,3,to_date('04-JAN-21','DD-MON-RR'),1,13,17,1052.15);
Insert into PROJECT_USER.SALES (SALESID,PURPOSEID,SALEDATE,SALE_QUANTITY,CUSTOMERID,PCID,PRICE_OF_PC) values (20,1,to_date('02-MAY-19','DD-MON-RR'),1,14,18,2275.13);
Insert into PROJECT_USER.SALES (SALESID,PURPOSEID,SALEDATE,SALE_QUANTITY,CUSTOMERID,PCID,PRICE_OF_PC) values (21,2,to_date('24-MAY-19','DD-MON-RR'),1,17,19,3651.99);
Insert into PROJECT_USER.SALES (SALESID,PURPOSEID,SALEDATE,SALE_QUANTITY,CUSTOMERID,PCID,PRICE_OF_PC) values (22,2,to_date('01-JUL-20','DD-MON-RR'),53,9,20,4511.68);
Insert into PROJECT_USER.SALES (SALESID,PURPOSEID,SALEDATE,SALE_QUANTITY,CUSTOMERID,PCID,PRICE_OF_PC) values (23,1,to_date('19-JAN-20','DD-MON-RR'),98,8,21,2433.1);
Insert into PROJECT_USER.SALES (SALESID,PURPOSEID,SALEDATE,SALE_QUANTITY,CUSTOMERID,PCID,PRICE_OF_PC) values (24,3,to_date('17-MAY-20','DD-MON-RR'),70,10,22,1148.73);
Insert into PROJECT_USER.SALES (SALESID,PURPOSEID,SALEDATE,SALE_QUANTITY,CUSTOMERID,PCID,PRICE_OF_PC) values (25,3,to_date('07-JUL-19','DD-MON-RR'),1,14,23,4746.69);
Insert into PROJECT_USER.SALES (SALESID,PURPOSEID,SALEDATE,SALE_QUANTITY,CUSTOMERID,PCID,PRICE_OF_PC) values (26,4,to_date('29-JUN-20','DD-MON-RR'),1,12,24,1584.11);
Insert into PROJECT_USER.SALES (SALESID,PURPOSEID,SALEDATE,SALE_QUANTITY,CUSTOMERID,PCID,PRICE_OF_PC) values (27,4,to_date('09-JUL-19','DD-MON-RR'),1,13,25,2394.35);
--------------------------------------------------------
--  DDL for Index CUSTOMER_PK
--------------------------------------------------------

  CREATE UNIQUE INDEX "PROJECT_USER"."CUSTOMER_PK" ON "PROJECT_USER"."CUSTOMER" ("CUSTOMERID")
--------------------------------------------------------
--  DDL for Index CATEGORY_PK
--------------------------------------------------------

  CREATE UNIQUE INDEX "PROJECT_USER"."CATEGORY_PK" ON "PROJECT_USER"."CATEGORY" ("CATEGORYID")
--------------------------------------------------------
--  DDL for Index COMPONENT_PK
--------------------------------------------------------

  CREATE UNIQUE INDEX "PROJECT_USER"."COMPONENT_PK" ON "PROJECT_USER"."COMPONENT" ("COMPONENTID")
--------------------------------------------------------
--  DDL for Index FACTORY_PK
--------------------------------------------------------

  CREATE UNIQUE INDEX "PROJECT_USER"."FACTORY_PK" ON "PROJECT_USER"."FACTORY" ("FACTORYID")
--------------------------------------------------------
--  DDL for Index LOCATION_PK
--------------------------------------------------------

  CREATE UNIQUE INDEX "PROJECT_USER"."LOCATION_PK" ON "PROJECT_USER"."LOCATION" ("LOCATIONID")
--------------------------------------------------------
--  DDL for Index PC_PK
--------------------------------------------------------

  CREATE UNIQUE INDEX "PROJECT_USER"."PC_PK" ON "PROJECT_USER"."PC" ("PCID")
--------------------------------------------------------
--  DDL for Index PC_AND_COMPONENTS_PK
--------------------------------------------------------

  CREATE UNIQUE INDEX "PROJECT_USER"."PC_AND_COMPONENTS_PK" ON "PROJECT_USER"."PC_AND_COMPONENTS" ("COMPONENTID", "PCID")
--------------------------------------------------------
--  DDL for Index PURCHASE_PK
--------------------------------------------------------

  CREATE UNIQUE INDEX "PROJECT_USER"."PURCHASE_PK" ON "PROJECT_USER"."PURCHASE" ("PURCHASEID")
--------------------------------------------------------
--  DDL for Index PURPOSE_OF_SALE_PK
--------------------------------------------------------

  CREATE UNIQUE INDEX "PROJECT_USER"."PURPOSE_OF_SALE_PK" ON "PROJECT_USER"."PURPOSE_OF_SALE" ("USAGEID")
--------------------------------------------------------
--  DDL for Index SALES_PK
--------------------------------------------------------

  CREATE UNIQUE INDEX "PROJECT_USER"."SALES_PK" ON "PROJECT_USER"."SALES" ("SALESID")
--------------------------------------------------------
--  Constraints for Table CUSTOMER
--------------------------------------------------------

  ALTER TABLE "PROJECT_USER"."CUSTOMER" MODIFY ("CUSTOMERID" NOT NULL ENABLE)
  ALTER TABLE "PROJECT_USER"."CUSTOMER" ADD CONSTRAINT "CUSTOMER_PK" PRIMARY KEY ("CUSTOMERID") USING INDEX  ENABLE
  ALTER TABLE "PROJECT_USER"."CUSTOMER" MODIFY ("EMAIL" NOT NULL ENABLE)
  ALTER TABLE "PROJECT_USER"."CUSTOMER" MODIFY ("TELEPHONE" NOT NULL ENABLE)
  ALTER TABLE "PROJECT_USER"."CUSTOMER" MODIFY ("NAME" NOT NULL ENABLE)
  ALTER TABLE "PROJECT_USER"."CUSTOMER" MODIFY ("PERSON_OR_COMPANY" NOT NULL ENABLE)
--------------------------------------------------------
--  Constraints for Table CATEGORY
--------------------------------------------------------

  ALTER TABLE "PROJECT_USER"."CATEGORY" MODIFY ("CATEGORYID" NOT NULL ENABLE)
  ALTER TABLE "PROJECT_USER"."CATEGORY" MODIFY ("NAME" NOT NULL ENABLE)
  ALTER TABLE "PROJECT_USER"."CATEGORY" ADD CONSTRAINT "CATEGORY_PK" PRIMARY KEY ("CATEGORYID") USING INDEX  ENABLE
--------------------------------------------------------
--  Constraints for Table COMPONENT
--------------------------------------------------------

  ALTER TABLE "PROJECT_USER"."COMPONENT" MODIFY ("COMPONENTID" NOT NULL ENABLE)
  ALTER TABLE "PROJECT_USER"."COMPONENT" ADD CONSTRAINT "COMPONENT_PK" PRIMARY KEY ("COMPONENTID") USING INDEX  ENABLE
  ALTER TABLE "PROJECT_USER"."COMPONENT" MODIFY ("LAUNCH_YEAR" NOT NULL ENABLE)
  ALTER TABLE "PROJECT_USER"."COMPONENT" MODIFY ("SERIAL_NUMBER" NOT NULL ENABLE)
--------------------------------------------------------
--  Constraints for Table FACTORY
--------------------------------------------------------

  ALTER TABLE "PROJECT_USER"."FACTORY" MODIFY ("FACTORYID" NOT NULL ENABLE)
  ALTER TABLE "PROJECT_USER"."FACTORY" MODIFY ("NAME" NOT NULL ENABLE)
  ALTER TABLE "PROJECT_USER"."FACTORY" ADD CONSTRAINT "FACTORY_PK" PRIMARY KEY ("FACTORYID") USING INDEX  ENABLE
--------------------------------------------------------
--  Constraints for Table LOCATION
--------------------------------------------------------

  ALTER TABLE "PROJECT_USER"."LOCATION" MODIFY ("LOCATIONID" NOT NULL ENABLE)
  ALTER TABLE "PROJECT_USER"."LOCATION" MODIFY ("COUNTRY" NOT NULL ENABLE)
  ALTER TABLE "PROJECT_USER"."LOCATION" MODIFY ("CITY" NOT NULL ENABLE)
  ALTER TABLE "PROJECT_USER"."LOCATION" MODIFY ("STREET_ADDRESS" NOT NULL ENABLE)
  ALTER TABLE "PROJECT_USER"."LOCATION" ADD CONSTRAINT "LOCATION_PK" PRIMARY KEY ("LOCATIONID") USING INDEX  ENABLE
--------------------------------------------------------
--  Constraints for Table PC
--------------------------------------------------------

  ALTER TABLE "PROJECT_USER"."PC" MODIFY ("PCID" NOT NULL ENABLE)
  ALTER TABLE "PROJECT_USER"."PC" MODIFY ("NAME" NOT NULL ENABLE)
  ALTER TABLE "PROJECT_USER"."PC" MODIFY ("CREATED" NOT NULL ENABLE)
  ALTER TABLE "PROJECT_USER"."PC" MODIFY ("WARRANTY" NOT NULL ENABLE)
  ALTER TABLE "PROJECT_USER"."PC" ADD CONSTRAINT "PC_PK" PRIMARY KEY ("PCID") USING INDEX  ENABLE
--------------------------------------------------------
--  Constraints for Table PC_AND_COMPONENTS
--------------------------------------------------------

  ALTER TABLE "PROJECT_USER"."PC_AND_COMPONENTS" MODIFY ("PCID" NOT NULL ENABLE)
  ALTER TABLE "PROJECT_USER"."PC_AND_COMPONENTS" MODIFY ("COMPONENTID" NOT NULL ENABLE)
  ALTER TABLE "PROJECT_USER"."PC_AND_COMPONENTS" ADD CONSTRAINT "PC_AND_COMPONENTS_PK" PRIMARY KEY ("COMPONENTID", "PCID") USING INDEX  ENABLE
--------------------------------------------------------
--  Constraints for Table PURCHASE
--------------------------------------------------------

  ALTER TABLE "PROJECT_USER"."PURCHASE" MODIFY ("PURCHASEID" NOT NULL ENABLE)
  ALTER TABLE "PROJECT_USER"."PURCHASE" MODIFY ("PURCHASEDATE" NOT NULL ENABLE)
  ALTER TABLE "PROJECT_USER"."PURCHASE" MODIFY ("QUANTITY" NOT NULL ENABLE)
  ALTER TABLE "PROJECT_USER"."PURCHASE" ADD CONSTRAINT "PURCHASE_PK" PRIMARY KEY ("PURCHASEID") USING INDEX  ENABLE
  ALTER TABLE "PROJECT_USER"."PURCHASE" MODIFY ("PRICE" NOT NULL ENABLE)
--------------------------------------------------------
--  Constraints for Table PURPOSE_OF_SALE
--------------------------------------------------------

  ALTER TABLE "PROJECT_USER"."PURPOSE_OF_SALE" MODIFY ("USAGEID" NOT NULL ENABLE)
  ALTER TABLE "PROJECT_USER"."PURPOSE_OF_SALE" MODIFY ("NAME" NOT NULL ENABLE)
  ALTER TABLE "PROJECT_USER"."PURPOSE_OF_SALE" ADD CONSTRAINT "PURPOSE_OF_SALE_PK" PRIMARY KEY ("USAGEID") USING INDEX  ENABLE
--------------------------------------------------------
--  Constraints for Table SALES
--------------------------------------------------------

  ALTER TABLE "PROJECT_USER"."SALES" MODIFY ("SALESID" NOT NULL ENABLE)
  ALTER TABLE "PROJECT_USER"."SALES" MODIFY ("SALEDATE" NOT NULL ENABLE)
  ALTER TABLE "PROJECT_USER"."SALES" MODIFY ("SALE_QUANTITY" NOT NULL ENABLE)
  ALTER TABLE "PROJECT_USER"."SALES" ADD CONSTRAINT "SALES_PK" PRIMARY KEY ("SALESID") USING INDEX  ENABLE
  ALTER TABLE "PROJECT_USER"."SALES" MODIFY ("PRICE_OF_PC" NOT NULL ENABLE)
--------------------------------------------------------
--  Ref Constraints for Table CUSTOMER
--------------------------------------------------------

  ALTER TABLE "PROJECT_USER"."CUSTOMER" ADD CONSTRAINT "FK_LOCATION_LOCATIONID" FOREIGN KEY ("LOCATIONID") REFERENCES "PROJECT_USER"."LOCATION" ("LOCATIONID") ENABLE
--------------------------------------------------------
--  Ref Constraints for Table COMPONENT
--------------------------------------------------------

  ALTER TABLE "PROJECT_USER"."COMPONENT" ADD CONSTRAINT "FK_CATEGORY_CATEGORYID" FOREIGN KEY ("CATEGORYID") REFERENCES "PROJECT_USER"."CATEGORY" ("CATEGORYID") ENABLE
--------------------------------------------------------
--  Ref Constraints for Table PC_AND_COMPONENTS
--------------------------------------------------------

  ALTER TABLE "PROJECT_USER"."PC_AND_COMPONENTS" ADD CONSTRAINT "FK_PCID" FOREIGN KEY ("PCID") REFERENCES "PROJECT_USER"."PC" ("PCID") ENABLE
  ALTER TABLE "PROJECT_USER"."PC_AND_COMPONENTS" ADD CONSTRAINT "FK_COMPONENTID" FOREIGN KEY ("COMPONENTID") REFERENCES "PROJECT_USER"."COMPONENT" ("COMPONENTID") ENABLE
--------------------------------------------------------
--  Ref Constraints for Table PURCHASE
--------------------------------------------------------

  ALTER TABLE "PROJECT_USER"."PURCHASE" ADD CONSTRAINT "FK_FACTORY" FOREIGN KEY ("FACTORYID") REFERENCES "PROJECT_USER"."FACTORY" ("FACTORYID") ENABLE
  ALTER TABLE "PROJECT_USER"."PURCHASE" ADD CONSTRAINT "FK_COMPONENT" FOREIGN KEY ("COMPONENTID") REFERENCES "PROJECT_USER"."COMPONENT" ("COMPONENTID") ENABLE
--------------------------------------------------------
--  Ref Constraints for Table SALES
--------------------------------------------------------

  ALTER TABLE "PROJECT_USER"."SALES" ADD CONSTRAINT "FK_CUSTOMER_CUSTOMERID" FOREIGN KEY ("CUSTOMERID") REFERENCES "PROJECT_USER"."CUSTOMER" ("CUSTOMERID") ENABLE
  ALTER TABLE "PROJECT_USER"."SALES" ADD CONSTRAINT "FK_PURPOSE" FOREIGN KEY ("PURPOSEID") REFERENCES "PROJECT_USER"."PURPOSE_OF_SALE" ("USAGEID") ENABLE
  ALTER TABLE "PROJECT_USER"."SALES" ADD CONSTRAINT "FK_PC_PCID" FOREIGN KEY ("PCID") REFERENCES "PROJECT_USER"."PC" ("PCID") ENABLE
